video_id,title,published_at,view_count,like_count,comment_count,duration_seconds,thumbnail_url,description,tags,genre_id,confidence,reason
HRMT9UBlgfo,【東大リスニング対策】No3 これ聞けないなら、東大受験はやめとけ。,2026-02-24T00:35:57Z,57,0,0,384,https://i.ytimg.com/vi/HRMT9UBlgfo/maxresdefault.jpg,"【東大リスニング】第3回：The Dynamics of Free Will and Coercion: Psychological Mechanisms Behind Voluntary and Compelled Actions | 受験リスニング対策

■ 東大リスニング対策のポイント
東大リスニングは、長い対話や講義を聞き、内容を正確に把握する力が求められます。この動画では、実際の形式に近い3者対話を用いて、要約力と情報処理能力を鍛えます。

■ Questions
Q1. What does Student A believe many voluntary actions are influenced by?
A) Intense personal desires
B) Subtle societal pressures
C) Emotional spontaneity
D) Economic factors
正解: B
解説: 学生Aは、社会的圧力が自発的と見なされる行動に微妙に影響を与えていると示唆しています。

Q2. What does Sarah mean when she says that internalization makes actions genuinely voluntary?
A) Social norms are always visible.
B) Social norms are unconsciously adopted.
C) Individuals are compelled to act.
D) Personal liberty is overridden by coercion.
正解: B
解説: サラは、規範を内面化することが本当に自発的な行動につながると主張しており、これは無意識の採用を意味しています。

Q3. What is the Professor's main point about the nature of voluntary actions?
A) Voluntary actions are never free from coercion.
B) Both perception and societal pressure play roles in motivating actions.
C) Historical factors have removed coercion from voluntary actions.
D) Liberty means being free from all forms of pressure.
正解: B
解説: 教授は、知覚と社会的圧力の両方が動機に影響を与えていると述べることで、議論を総合しています。

■ Vocabulary
・intense: 激しい

・force: 力, 勢力, 軍事力, にすることを強制する

・compel: にすることを強いる

・oblige: にすることを義務づける, 余儀なくさせる

・voluntary: 自発的な

・spontaneous: 自発的な, 自然発生的な

・free: 自由な, 無料の, 暇な

・liberty: 自由

・release: を解放する

・capture: を捕らえる

■ Script
While it's evident that voluntary actions are driven by a sense of spontaneity and liberty, I propose that many actions perceived as voluntary are subtly influenced by societal pressures. For instance, cultural norms can obligate behaviors that seem free.
自発的な行動は自発性と自由感によって駆動されることは明白ですが、多くの自発的とされる行動は社会的圧力によって微妙に影響されていると提案します。例えば、文化的な規範は自由に見える行動を義務づけることがあります。

I see your point, Alex, yet I'd argue that individuals often internalize these norms, making the actions genuinely voluntary. Take the act of voting; while it's a social expectation, the choice to participate remains intrinsically one's own decision.
アレックス、あなたの指摘は理解できますが、人々はしばしばこれらの規範を内面化し、行動を本当に自発的なものにしていると主張したいです。投票行動を例にとっても、それが社会的期待であっても、参加するかどうかの選択は本来個人の決定です。

Compelling argument, Sarah, but that assumes the absence of any subtle coercion, which isn’t entirely true. The intense desire to conform can force decisions, overshadowing personal liberty.
説得力のある主張ですね、サラ。しかし、これは微妙な強制が全く存在しないと仮定していますが、それは完全に正しくありません。強烈な同調圧力が決定を強制し、個人の自由を圧倒することがあります。

Sarah, your point about internalization adds depth to our understanding of so-called voluntary actions. Alex, you're highlighting an integral aspect of coercion. As a moderator, let's consider the dynamics involved: societal forces can indeed compel behaviors under the veil of free will. From a historical perspective, liberty often encompasses both voluntary acts and those obliged by external pressures.
サラ、内面化についてのあなたの指摘は、いわゆる自発的行動の理解を深めます。アレックス、あなたは強制の重要な側面を強調しています。これを踏まえて、社会の力が自由意志の仮面の下で行動を強いることがあると考えてみましょう。歴史的観点からすると、自由はしばしば自発的行動と外部の圧力による義務を含んでいます。

Granted, some actions are coerced, but I'd say the subjective experience of freedom is what ultimately matters. If someone believes they are acting freely, their perception can arguably release them from the psychological bindings of coercion.
確かに、ある行動は強制されているものの、最終的に重要なのは自由の主観的な体験だと思います。誰かが自分が自由に行動していると信じているなら、その認識は彼らを強制の心理的拘束から解放することができると言えるでしょう。

Excellent insight, Sarah, on the importance of personal perception. Alex, while Sarah does have a point about subjective experience, your observations about societal pressure remain vital. Let's pause and consider how these factors intertwine to influence what truly motivates action.
サラ、個人の認識の重要性についての見識は素晴らしいですね。アレックス、サラの主観的体験に関する指摘もありますが、社会的圧力についてのあなたの観察も重要です。これらの要素がどのように絡み合い、行動の真の動機に影響を与えているのか考えてみましょう。


#東大 #東大英語",,listening_todai,high,タイトルと説明が東大リスニング対策だから
bA4iMPV_4kU,【東大リスニング対策】これ聞けないなら、東大受験はやめとけ。No2,2026-02-22T23:56:06Z,43,1,0,408,https://i.ytimg.com/vi/bA4iMPV_4kU/maxresdefault.jpg,"【東大リスニング】第4回：Psychological Impacts of Body Language: How Posture and Gestures Influence Human Behavior | 受験リスニング対策

■ 東大リスニング対策のポイント
東大リスニングは、長い対話や講義を聞き、内容を正確に把握する力が求められます。この動画では、実際の形式に近い3者対話を用いて、要約力と情報処理能力を鍛えます。

■ Questions
Q1. What does Student A question about an erect posture?
A) Its impact on personal confidence.
B) Its universal applicability across cultures.
C) Its effect on professional relationships.
D) Its role in Western societies.
正解: B
解説: 学生Aは、直立した姿勢が自信に与える影響がさまざまな文化において普遍的に適用可能かどうかを疑問視しています。

Q2. What is Professor's stance on the era from which certain gestures spread?
A) They appear suddenly in different cultures.
B) They spread historically with absorbed new meanings.
C) They are biologically ingrained.
D) They are often misunderstood.
正解: B
解説: 教授はサラとアレックスの意見を認め、それからジェスチャーがある文化から別の文化に広がり、長い時間をかけて新しい意味を吸収する方法について説明しています。

Q3. What is the main idea the Professor conveys regarding body language?
A) It mainly has cultural origins.
B) It demands a combined view of biology and culture.
C) It's universally understood due to biological roots.
D) It's predominantly a Western concept.
正解: B
解説: 教授は、ボディーランゲージをその複雑さを真に把握するためには、生物学的および文化的視点の両方から理解する必要があることを強調しています。

■ Vocabulary
・divide: を分割する

・diffuse: をまき散らす, 分散する, 拡散する

・scatter: をまき散らす

・spread: 広がる, 普及する

・bend: を曲げる

・incline: を傾ける, したい気持ちにさせる

・lean: に寄りかかる, もたれる

・erect: を直立させる, 建てる, 直立した

・emit: を放出する, 排出する

・absorb: を吸収する

■ Script
The influence of body language on psychological states is profound, involving both posture and gestures. When an individual maintains an erect posture, studies suggest they not only appear confident but also feel more self-assured. However, I wonder if this is universally applicable across different cultures?
ボディーランゲージが心理状態に及ぼす影響は深いもので、姿勢やジェスチャーの両方が関係しています。直立した姿勢を保つと、自信があるように見えるだけでなく、実際に自信があると感じるという研究があります。しかし、これは異なる文化においても普遍的に適用できるのでしょうか？

I see your point, but that assumes a homogeneity across cultures that doesn't exist. In some Asian cultures, a less erect posture can indicate respect rather than a lack of confidence. Instead, what interests me is how gestures diffuse across these cultural boundaries and still manage to convey similar psychological impacts.
なるほど、しかしそれは文化間の均質性を前提としていますが、実際には存在しません。例えば、いくつかのアジア文化では、少し傾いた姿勢が自信の欠如ではなく、むしろ敬意を示すことがあります。代わりに、ジェスチャーが文化の境界を越えて広がり、なおかつ似たような心理的影響を伝える方法に興味があります。

Sarah, your emphasis on cultural variability is vital, as it highlights a crucial aspect of our discussion. Alex, while you're observing universal patterns, you're overlooking how nuanced these interactions can be. Let's pause and consider the historical perspective where certain gestures initially diffuse from one culture and gradually absorb new meanings within another. Granted, facial expressions can sometimes be more culturally variable, but the inclination or leaning of one's posture often speaks across these divides.
サラ、文化的な多様性に注目した点は非常に重要です。これは私たちの議論の重要な側面を浮き彫りにしています。アレックス、あなたは普遍的なパターンを観察していますが、これらの相互作用がどれほど微妙であるかを見逃しているかもしれません。歴史的な視点から考えると、特定のジェスチャーがある文化から他の文化に広がり、徐々に新しい意味を吸収するケースがあります。顔の表情は時にはもっと文化的に変動し得ますが、姿勢の傾きやもたれかかりが文化の隔たりを超えてメッセージとして伝わることは多いです。

Granted, cultural context greatly influences interpretation, but isn't there an underlying biological component that makes certain gestures universally understood? For instance, a smile tends to emit positive signals almost everywhere.
確かに、文化的な文脈が解釈に大きく影響しますが、いくつかのジェスチャーが普遍的に理解される要因として、基礎的な生物学的要素があるのではないですか？例えば、笑顔はほぼどこでもポジティブなシグナルを発する傾向があります。

I'd have to disagree with that specific figure, at least partly. While it's true smiles often spread happiness, there are contexts where they may convey diffidence or even sarcasm.
その点については少し否定したいと思います。確かに笑顔はしばしば幸福を広めますが、場によっては、控え目や皮肉を示すこともあります。

Alex and Sarah, your points remind us of the layers involved in interpreting body language. We must continuously bend our understanding to incorporate both biological and cultural lenses. By approaching this topic without dividing the biological from the cultural, we better appreciate the complexity inherent in human interaction.
アレックスとサラ、あなた方の意見は、ボディーランゲージの解釈に関与する層の複雑さを思い出させます。我々は、生物学的視点と文化的視点の両方を取り入れるために、常に理解を曲げなければなりません。生物学と文化を分割することなくこのトピックにアプローチすることで、人間の相互作用に内在する複雑さをより理解できるのです。

#東大リスニング #大学受験 #英語リスニング #英単語帳鉄壁 #難関大対策 #AI英語学習 #リスニング対策",,listening_todai,high,東大リスニング対策動画のため
MFzQsfGvZSA,【東大リスニング対策】これ聞けないなら、東大受験はやめとけ。No1,2026-02-11T22:45:15Z,362,0,2,352,https://i.ytimg.com/vi/MFzQsfGvZSA/maxresdefault.jpg,"【大学受験リスニング対策（東大）】

Titel: The Significance and Consequences of Global Economic Policies: Analyzing Vital, Indispensable, and Crucial Factors in Contemporary Globalization.

■ Questions
Q1. What is Alex's opinion on the role of economic policies?
A) They are essential pillars shaping international relations.
B) They are mere guidelines.
C) They are harmful to globalization.
D) They have a minor impact on global trade.
正解: A
解説: アレックスは、経済政策は単なる指針ではなく、国際関係の形成において基本的な要素であることを強調しています。

Q2. Why does Sarah doubt the indispensability of all economic policies?
A) Some policies lead to instability.
B) Some nations thrive despite certain policies.
C) Policies rarely have global impact.
D) Policies are too rigid and unchangeable.
正解: B
解説: サラは特定の貿易制限があるにもかかわらず繁栄している国を例に挙げ、すべての政策が必要不可欠であることに疑問を投げかけています。

Q3. What main idea can be inferred regarding the debate on economic policies?
A) Both adaptation and stability are important in policy-making.
B) Economic policies are universally effective.
C) Existing frameworks are superior in dynamic situations.
D) The vivid impact of policies is their most crucial aspect.
正解: A
解説: この議論から、政策によってもたらされる安定性（アレックスの主張）とサラが提唱する柔軟性の両方が必要であることが明らかになります。

■ Vocabulary
・vital: にとって非常に重要な, 生命の
・vivid: 生き生きとした, 鮮やかな
・revive: を生き返らせる, 生き返る
・essential: にとって重要な, 必要不可欠な, 本質的な
・indispensable: にとって重要な, 必要不可欠な
・crucial: 決定的な, 極めて重要な
・significance: 重要性
・consequence: 結果, 重要さ
・matter: 事柄, 問題, 重要である
・count: を数える, 重要である

■ Script
Hi, I'm Alex. In today's globalized economy, economic policies hold vital significance, shaping the very fabric of international relations. They're not just guidelines but essential pillars.
こんにちは、アレックスです。今日のグローバリゼーションされた経済において、経済政策は国際関係の基盤を形成する非常に重要な意味を持っています。それらは単なる指針ではなく、必要不可欠な柱です。

I'm Sarah, and while I see where you're coming from, Alex, I doubt that all policies are indispensable. Take, for instance, some nations that thrive despite, not because of, particular trade restrictions.
私はサラです。アレックス、あなたの言っていることは理解できますが、すべての政策が必要不可欠であるとは思いません。例えば、特定の貿易制限があるにもかかわらず、むしろそれがないことで繁栄している国もあります。

As a moderator, let me acknowledge Alex's point on the pivotal role of economic policies, while also recognizing Sarah's skepticism regarding their universality. Historically, some policies have indeed revived struggling economies, while others have led to unforeseen consequences.
司会者として、経済政策の重要な役割についてのアレックスの指摘を認めつつ、それらの普遍性に対するサラの懐疑をも受け入れます。歴史的に見ると、ある政策は苦境に立たされている経済を復活させてきた一方で、他の政策は予測できなかった結果をもたらしました。

Granted, not every policy achieves its intended vivid impact. However, their significance shouldn't be diminished because of a few exceptions. Their overarching effects are what count.
確かに、すべての政策が意図された鮮やかな影響を与えるわけではありません。しかし、いくつかの例外のためにその重要性を過小評価すべきではありません。重要なのはその包括的な効果です。

You have a point there, Alex. Yet, I believe that adaptability and evolution in policy-making are more crucial than rigid adherence to existing frameworks.
あなたにはその点で一理ありますね、アレックス。しかし、私は適応力と政策決定における進化が既存の枠組みに固執するよりも極めて重要であると考えています。

Let's pause and consider the broader historical perspective. Alex, your argument that policies are pivotal is reinforced by how they create stability in a tumultuous world economy. Sarah, your advocacy for flexibility is equally vital, particularly in unprecedented global situations.
歴史的観点からより広く見てみましょう。アレックス、政策が動乱の世界経済で安定を生むという主張は重要で、サラ、あなたの言う柔軟性の重要性も、特に前例のない地球規模の状況において不可欠です。


#東大リスニング #大学受験 #英語リスニング #英単語帳鉄壁 #難関大対策 #AI英語学習 #リスニング対策",,listening_todai,high,タイトルに東大リスニング対策と明記
PRlUPV5JSMg,【英語音声のみ】ターゲット1200｜601〜1200を“英語→2秒→英語”｜聞き流し,2026-02-07T23:35:03Z,1026,23,1,1545,https://i.ytimg.com/vi/PRlUPV5JSMg/maxresdefault.jpg,#英単語 #英語学習  #ターゲット1200  #聞き流し #受験勉強 #英語リスニング #暗記 #大学受験,,vocab_target1200,high,ターゲット1200の英単語聞き流し動画
AxXwYjYujX8,【英語音声のみ】ターゲット1200｜1〜600を“英語→2秒→英語”｜聞き流し,2026-02-07T19:56:08Z,1682,41,3,1532,https://i.ytimg.com/vi/AxXwYjYujX8/maxresdefault.jpg,#英単語 #英語学習  #ターゲット1200  #聞き流し #受験勉強 #英語リスニング #暗記 #大学受験,,vocab_target1200,high,ターゲット1200単語の聞き流し動画
gUQKxGGW0iA,【英語音声のみ】必携英単語 LEAP｜501〜1000を“英語→2秒→英語”｜聞き流し,2026-02-07T15:26:11Z,233,2,1,1527,https://i.ytimg.com/vi/gUQKxGGW0iA/maxresdefault.jpg,#英単語 #英語学習  #LEAP  #聞き流し #受験勉強 #英語リスニング #暗記 #大学受験,,vocab_leap,high,必携英単語LEAPの聞き流し動画
fd04IbkOamk,【英語音声のみ】必携英単語 LEAP｜1〜500を“英語→2秒→英語”｜聞き流し,2026-02-07T10:07:58Z,616,15,1,1527,https://i.ytimg.com/vi/fd04IbkOamk/maxresdefault.jpg,#英単語 #英語学習  #LEAP  #聞き流し #受験勉強 #英語リスニング #暗記 #大学受験,,vocab_leap,high,必携英単語LEAPの聞き流し動画
ckQWEMisY4o,【英語音声のみ】ターゲット1400｜1001〜1400を“英語→2秒→英語”｜聞き流し,2026-02-06T21:14:58Z,591,9,0,1310,https://i.ytimg.com/vi/ckQWEMisY4o/maxresdefault.jpg,#英単語 #英語学習  #ターゲット1400  #聞き流し #受験勉強 #英語リスニング #暗記 #大学受験,,vocab_target1400,high,ターゲット1400の英単語聞き流し動画
tws7bpA7Zro,【英語→日本語】ターゲット1400｜1〜500を“英語→2秒→日本語”｜聞き流し,2026-02-06T00:59:47Z,1428,37,24,2295,https://i.ytimg.com/vi/tws7bpA7Zro/maxresdefault.jpg,#英単語 #英語学習  #ターゲット1400  #聞き流し #受験勉強 #英語リスニング #暗記 #大学受験,,vocab_target1400,high,タイトルにターゲット1400明記の聞き流し動画
rxRTFx_nNEM,【英語音声のみ】鉄壁｜1501〜2000を“英語→2秒→英語”｜聞き流し,2026-02-05T21:07:18Z,330,4,2,1661,https://i.ytimg.com/vi/rxRTFx_nNEM/maxresdefault.jpg,#英単語 #英語学習  #鉄壁  #聞き流し #受験勉強 #英語リスニング #暗記 #大学受験,,vocab_teppeki,high,鉄壁1501～2000の英単語聞き流し動画
q85o7wPb1eE,【英語音声のみ】鉄壁｜501〜1000を“英語→2秒→英語”｜聞き流し,2026-02-05T16:48:56Z,334,6,0,1652,https://i.ytimg.com/vi/q85o7wPb1eE/maxresdefault.jpg,#英単語 #英語学習  #鉄壁  #聞き流し #受験勉強 #英語リスニング #暗記 #大学受験,,vocab_teppeki,high,鉄壁単語の聞き流し動画
mrE8LVDUmyw,【英語音声のみ】鉄壁｜1001〜1500を“英語→2秒→英語”｜聞き流し,2026-02-05T15:46:09Z,103,1,0,1637,https://i.ytimg.com/vi/mrE8LVDUmyw/maxresdefault.jpg,,,vocab_teppeki,high,鉄壁の英単語の聞き流し動画
y-BINGkGhvo,【英語音声のみ】ターゲット1400｜501〜1000を“英語→2秒→英語”｜聞き流し,2026-02-05T09:30:24Z,617,16,1,1635,https://i.ytimg.com/vi/y-BINGkGhvo/maxresdefault.jpg,#英単語 #英語学習  #ターゲット1400  #聞き流し #受験勉強 #英語リスニング #暗記 #大学受験,,vocab_target1400,high,ターゲット1400の英単語聞き流し動画だから
vOrxadNiNns,【英語音声のみ】ターゲット1400｜1〜500を“英語→2秒→日本語”｜聞き流し,2026-02-04T23:06:20Z,796,14,0,1636,https://i.ytimg.com/vi/vOrxadNiNns/maxresdefault.jpg,#英単語 #英語学習  #ターゲット1400 #聞き流し #受験勉強 #英語リスニング #暗記 #大学受験,,vocab_target1400,high,ターゲット1400の聞き流し動画であるため
3K7Qjo3C_ho,【英語音声のみ】鉄壁｜1〜500を“英語→2秒→英語”｜聞き流し,2026-02-04T22:32:34Z,681,9,3,1645,https://i.ytimg.com/vi/3K7Qjo3C_ho/maxresdefault.jpg,#英単語 #英語学習  #鉄壁  #聞き流し #受験勉強 #英語リスニング #暗記 #大学受験,,vocab_teppeki,high,鉄壁の単語を英語音声で聞き流し
YcfIjfrY3ug,【聞き流し】毎日聴くから英語脳になる　ターゲット1900の単語ベースのポッドキャスト,2026-01-31T15:30:48Z,135,0,4,922,https://i.ytimg.com/vi/YcfIjfrY3ug/maxresdefault.jpg,"🎧 Topic: How AI Algorithms Shape Our Daily Decisions 
📊 Level: ターゲット1900（大学入試レベル）

AIアルゴリズムが私たちの日常の決断にどう影響を与えているのか？最新のテクノロジーについて英語で学びましょう。

📌 タイムスタンプ（目次）
00:00 Intro - AIとの関わり
02:29 Main 1 - アルゴリズムの歴史とデータ
06:43 Main 2 - メリットとデメリット（プライバシーと効率） 
11:02 Main 3 - 実社会での具体例（SNSや採用） 
15:24 Vocabulary Corner - 重要単語10個の解説 
18:24 Outro - まとめとメッセージ

💡 Key Vocabulary（今日の重要単語）
ターゲット1900から、この動画に登場する重要単語をピックアップ。
・create (No. 1): を創り出す
・increase (No. 2): 増加する 
・improve (No. 3): を向上させる 
・mean (No. 4): を意味する 
・own (No. 5): を所有している 
・include (No. 6): を含む 
・consider (No. 7): を見なす 
・allow (No. 8): を許す 
・suggest (No. 9): を提案する 
・produce (No. 10): を生産する

⚠️ 免責事項
※本動画はAI（GPT-4o, TTS-1, DALL-E 3）によって自動生成された学習用コンテンツです。公式の「ターゲット1900」とは関係ありません。",,vocab_target1900,high,ターゲット1900単語ベースの聞き流し動画
kO81cbxODSQ,【ターゲット1900】英語→日本語音声　No.501-1000,2025-12-03T22:09:24Z,7774,96,7,2486,https://i.ytimg.com/vi/kO81cbxODSQ/hqdefault.jpg,,,vocab_target1900,high,ターゲット1900の英単語聞き流し動画
gC9g4S91lFQ,【システム英単語】英語→日本語音声　絶対覚えるエクササイズ,2025-11-07T22:27:49Z,240,4,0,1775,https://i.ytimg.com/vi/gC9g4S91lFQ/hqdefault.jpg,,,vocab_other,high,システム英単語の聞き流し動画
tAqv84T0wog,【ターゲット1200】英語→日本語音声　絶対覚えるエクササイズ,2025-10-31T16:13:41Z,7975,194,14,1469,https://i.ytimg.com/vi/tAqv84T0wog/hqdefault.jpg,,,vocab_target1200,high,タイトルにターゲット1200の聞き流し動画
XQD2Q130Wag,【ターゲット1900】英語→日本語音声　No.0-500,2025-09-29T15:41:40Z,11394,183,4,1560,https://i.ytimg.com/vi/XQD2Q130Wag/hqdefault.jpg,,,vocab_target1900,high,ターゲット1900の英単語聞き流し動画
eIwlG2DAiag,【ランダム】英単語帳 鉄壁を聞いて、発音、効率エクササイズ,2025-09-22T14:39:02Z,465,11,0,1989,https://i.ytimg.com/vi/eIwlG2DAiag/hqdefault.jpg,,,vocab_teppeki,high,鉄壁英単語の聞き流し練習動画
Naqg8zFwx7Y,【問題付き！】【鉄壁英文 #10】鉄壁の英単語No.401-500で英文リスニング,2025-07-27T22:14:17Z,193,3,0,285,https://i.ytimg.com/vi/Naqg8zFwx7Y/maxresdefault.jpg,"こちらのリスニング教材は「鉄壁」のNo301-400の英単語を元に作られたものです。
重要単語は動画内で赤文字にしています。単語は概要欄下部にリストアップ。

🌟【問題編】🌟

第1問（日本語）
本文によると、腐敗の主な影響として正しいものはどれか？
A. 法律の厳格化
B. 富の均等化
C. 信頼の破壊と不公平の拡大
D. 経済成長の促進

第2問（日本語）
以下のうち、本文において「正義」にとって必要な条件として明示的に述べられているものは？
A. 軍事的な抑止力
B. 高度な技術力
C. 道徳的な基盤
D. 経済的自立

第3問（日本語）
本文で「嘘を飲み込む（swallow lies）」理由として述べられていることは？
A. 社会的地位を得るため
B. 本当のことがあまりに苦痛だから
C. 誤った教育を受けているから
D. 他人に合わせようとするため

第4問（English）
According to the passage, what is a necessary trait of leaders in order to maintain justice?
A. The ability to gain personal profit
B. Avoiding legal responsibility
C. Faithfully representing the people
D. Expanding their authority

第5問（English）
What is suggested as the way to address deep-rooted problems in society?
A. Pretending everything is fine
B. Assuming the current system is perfect
C. Suggesting practical steps for reform
D. Ignoring public opinion

✅【解答＆解説編】✅

第1問 正解：C
→ 本文冒頭にて、「Bribery and fraud… destroy trust and distort fairness」とあり、腐敗は信頼を壊し、公平性を歪めると明言されている。

第2問 正解：C
→ Justice requires more than legal means—it demands a moral foundation（正義には法だけでなく道徳的な基盤が必要）と本文中で直接述べられている。

第3問 正解：B
→ 「the public may swallow lies simply because the truth is too painful」という一文に基づく。

第4問 正解：C
→ 本文より「Leaders must represent the people faithfully」が根拠。正義を保つには、指導者は人々を誠実に代表しなければならない。

第5問 正解：C
→ 「we must suppose that change is possible and suggest practical steps」とあり、根深い問題を解決するには実践的な改革提案が必要だと説いている。

【⭐️英単語とその意味⭐️】
unfortunately（残念ながら）
original（元の、最初の）
luggage（手荷物）
organization（組織）
limited（限られた）
procedure（手順）
experienced（経験豊富な）
personnel（人員）
benefit（利益、恩恵）
focus（集中する）
participate（参加する）
cause（原因）
degree（程度）
host（主催する）
expert（専門家）
mainly（主に）
suggestion（提案）
supplier（供給業者）
document（文書）
remind（思い出させる）
require（要求する）
representative（代表者）

【日本語訳】
正義・腐敗・個人の役割
すべての社会において、人々は複雑な現実と向き合わなければなりません——それは時に心を奮い立たせ、また時に心を痛めるものです。多くの人が誠実に生きようと努力する一方で、欲望や恐れ、絶望によって誘惑に負ける者もいます。腐敗は多様な形で存在し、常に正義と安定を脅かす厄介な存在です。

賄賂や詐欺は単なる違法行為ではありません。それらは信頼を破壊し、公平さをゆがめます。たった一度の賄賂が一人には利益をもたらすかもしれませんが、多くの他者には苦しみをもたらします。ビジネス、政治、教育における不正行為は、組織の崩壊や人々の人生の破滅につながる可能性があります。極端な場合、国家全体の経済が欺瞞と経営の失敗によって崩壊することさえあります。

そうした破局を生き延びた人々は、感情的にも経済的にも傷を負っていることが多いです。公の場から姿を消す人もいれば、新たな目的を持って再起する人もいます。社会はそうした生存者に敬意を表しますが、その一方で、彼らの行動や判断についての説明責任を求める傾向もあります。このような透明性と責任への関心は、信頼を取り戻すために不可欠です。

多くの市民が将来に不安を感じています。特に、公的機関の職員が緊急の課題に対応しないとき、その不安は増します。指導者が弱い政策を適用したり、自己中心的に振る舞ったりすると、社会全体がその被害を受けるのです。それでも人々は変化を待ち続けています。努力と説明責任は、権力を持つ者だけでなく、私たち一人ひとりにも求められるべきです。

一見すると意外かもしれませんが、危機の時でさえ、私たちにとって不利な状況ばかりとは限りません。問題が発生したときは、それをはっきりとした言葉と揺るがぬ決意で真正面から受け止めなければなりません。権力を持つ者は目標を明確に示し、失敗の責任を負うべきです。多くの場合、国家自体が守護者として、そして執行者としての役割を果たす必要があります。

法的な問題では、「真実」は正義と不正義を分ける決定的な要素となります。しかし、正義を実現するには法だけでは不十分で、道徳的な土台が必要です。指導者たちは、国民を誠実に代表しなければなりません。単に権力を私的に使うのではなく、法律だけでなく倫理も守らなければなりません。

時には、真実があまりにも痛ましいために、人々が嘘を受け入れてしまうこともあります。しかし、健全な企業や組織は欺瞞では成長しません。信頼によって成長するのです。市民は対話に参加し、正直な情報を受け取り、必要に応じて責任を取らなければなりません。真実を拒否し、証拠を無視することは、進歩を否定することに他なりません。

社会は見かけだけで成り立っているのではなく、本質的な価値によって成り立っています。人々は、公正さを裁判所だけでなく、学校、病院、職場などあらゆる場で求めています。道徳的責任から免れる者は誰一人としておらず、誰もが社会システムを改善する力を持っているのです。

根深い問題を解決するためには、「変化は可能である」と仮定し、現実的な改革の手段を提案しなければなりません。改革を提案することは、すべての答えを持っていると装うことではなく、現状に疑問を持つということです。私たちは、共に成功し、また共に失敗する共同体に属しているのです。

政府は、すべての人に機会を提供し、少数ではなく多数を支える政策を選択しなければなりません。正義と思いやりを兼ね備えた国家は、その努力を決して後悔しません。人々は失望ではなく満足を覚えます。破られた約束にうんざりすることなく、本物の進歩に驚嘆するのです。

私たちを導くのは恐れではなく、希望でなければなりません。不平等の原因は多岐にわたり、複雑です。しかし、何もしないことの結果は常に同じです——分裂と衰退です。指導者たちは水準を引き上げ、嘘をつくのではなく、未来の基盤を築く責任を果たすべきです。

公共機関は透明性を示さなければなりません。法律はわかりやすく、混乱を招くものであってはなりません。快適さはすべての人に届けられるべきであり、間違いは速やかに正されるべきです。正当な給料と良い評判は、誠実な労働に対する報酬であり、噂話やえこひいきによるものではありません。

市民には、情報を正しく把握し、誠実に行動する義務があります。すべての危機はまた、機会でもあります——無関心になるのではなく、冷静かつ好奇心をもって対処するチャンスなのです。たとえ対立が起こったとしても、私たちは残酷さを避け、相互理解に努めなければなりません。

私たちの世界は完全な正義を実現できないかもしれません。しかし、私たちはそれをより「意義深く」、より「人間的に」することはできます。他者と関わり、違いを超えてつながり、不正と向き合うこと——それこそが、自由で道徳的な人々の責任なのです。",,listening_teppeki,high,鉄壁単語の英文リスニング問題付き動画
9Ra22h7KZkw,【問題付き！】【鉄壁英文 #9】鉄壁の英単語No.301-400で英文リスニング,2025-07-26T22:27:02Z,69,0,0,249,https://i.ytimg.com/vi/9Ra22h7KZkw/maxresdefault.jpg,"こちらのリスニング教材は「鉄壁」のNo301-400の英単語を元に作られたものです。
重要単語は動画内で赤文字にしています。単語は概要欄下部にリストアップ。

🌟【問題編】🌟
第1問（日本語）
「asset」の意味は？
A. 負債
B. 資産
C. 費用
D. 売上

第2問（日本語）
本文中で教育が持つ社会的効果として正しいものは？
A. 家計の破綻
B. 投資の失敗
C. 借金の軽減や社会分断の減少
D. 家族の離散

第3問（日本語）
教育の地理的格差について、本文で触れているものは？
A. 国境を越えた移住の推進
B. 農業地域の再編
C. 不動産価値による教育格差
D. 国際的なカリキュラムの導入

第4問（English）
What can prevent education from flourishing in underserved regions?
A. Overpaid teachers and budget surplus
B. Strong investment and inclusive policies
C. Teacher burnout and lack of funding
D. Free online platforms

第5問（English）
What is described as the foundation of prosperity in the passage?
A. Military strength
B. Economic expansion
C. Education
D. Global trade

✅【解答＆解説編】✅
第1問 正解：B
　→「asset」は「資産」や「財産」という意味。

第2問 正解：C
　→ 教育への投資がもたらすのは「借金の軽減」や「社会の分断を減らす」こと。

第3問 正解：C
　→ 「estate」「district」による教育機会の格差について述べている。

第4問 正解：C
　→ 教師の疲弊と資金不足が、教育の質を下げる要因として本文で指摘されている。

第5問 正解：C
　→ 教育こそが、国家と個人両方の繁栄の基盤として本文で何度も強調されている。

【⭐️英単語とその意味⭐️】
英単語 日本語訳
education 教育
asset 資産、財産
future 未来
well off 裕福な
poverty 貧困
region 地域、地方
opportunity 機会
invest 投資する
capital 資本
profit 利益
benefit 恩恵、利益
generate 生み出す
income 収入
debt 借金
division 分断（社会的分裂）
economic 経済的な
fee 料金、授業料など
purchase 購入する
district 地区、区域
fare 運賃
scholarship 奨学金
save 貯める、節約する
expense 出費
budget 予算
scope 範囲
interest 興味
exploration 探索
emerge 現れる
entrepreneur 起業家
flourish 繁栄する
derive 得る、引き出す
overcome 克服する
inequality 不平等
estate 地所、土地
boundary 境界
replace 置き換える
thrive 繁栄する、成長する
prevail 打ち勝つ、普及する
bankrupt エネルギーや資金が尽きた（破産した）
decline 衰退する
decay 衰退、腐敗
corruption 腐敗
realm 領域
install 設置する
infrastructure インフラ
accessible 利用可能な、アクセスできる
spare 節約する、負担を免れさせる
prosperity 繁栄、成功
nurture 育てる
balance バランス、均衡
rise 上昇する、立ち上がる
fame 名声
prestige 名声、威信


【日本語訳】
教育、経済、そして機会の地理

現代社会において、教育は単なる知識習得の手段ではなく、将来を左右する強力な資産です。質の高い教育へのアクセスは、その人が貧困に陥るか、裕福になるかを決めることすらあります。都市の中心部から農村の奥地まで、子どもが育つ地域は教育機会に大きく影響します。

政府は学校への投資を怠ってはなりません。資本は施設、教師、そして多様性あるプログラムに使われるべきです。教育は利益を求めるビジネスではありませんが、その恩恵は個人にも社会にも大きく、結果として収入の増加、借金の軽減、社会分断の縮小につながります。

学生や家族にとっても、教育は経済的決断です。料金の支払い、教材の購入、別の地区への引っ越しなどが必要になることもあります。毎日の運賃をまかなうことすら難しい人もいます。奨学金は利用可能であっても、十分でないこともあります。家族が十分に貯蓄できず、予算を超える出費を抱えると、教育の夢は色あせてしまいます。

教育の範囲は職業訓練を超えたものです。教育は興味を育み、探究心を促し、学習者がリーダーとして現れる手助けをします。大学では、学生たちがアイデアを生み出し、起業家となり、新産業で繁栄します。彼らの力は、知識だけでなく、困難を乗り越えた現実的な経験から得られるものです。

しかし、不平等は依然として大きな課題です。ある不動産地では私立学校に通う子どももいれば、他では資金不足の公立学校が最低限の資源で運営されています。このような境界は、誰もが成長できるような教育システムに置き換えられる必要があります。

教師の役割は非常に重要です。彼らの献身があれば困難にも打ち勝つことができます。しかし、給与の低さや過重労働でエネルギーが尽きた状態では、教育制度が衰退し、価値観の腐敗へとつながります。

テクノロジーは新たな領域を開きます。オンライン授業は孤立した地域にも届きます。政府がインフラを設置すれば、より多くの人に学習の機会が届きます。うまく活用すれば、時間を節約し、移動の負担を省くことも可能です。

最終的に、教育は個人と国家の繁栄の基盤と捉えなければなりません。植物が時間と手間をかけて成長するように、教育も育てられねばなりません。バランスの取れた投資と包括的な政策があれば、次世代は単なる名声や威信を超えた、真のリーダーとして育つことができるのです。",,listening_teppeki,high,鉄壁単語で英文リスニング問題付き動画
0MMOp26kH7I,【問題付き！】【鉄壁英文 #8】鉄壁の英単語No.201-300で英文リスニング,2025-07-26T08:00:00Z,76,2,0,209,https://i.ytimg.com/vi/0MMOp26kH7I/maxresdefault.jpg,"こちらのリスニング教材は「鉄壁」のNo301-400の英単語を元に作られたものです。
重要単語は動画内で赤文字にしています。単語は概要欄下部にリストアップ。

🌟【問題編】🌟
第1問（日本語）
「flourish」が意味するのは？
A. 衰退する
B. 成長し繁栄する
C. 破産する
D. 限界に達する

第2問（日本語）
「bankrupt」とはどういう状態か？
A. 金が十分ある
B. 借金がなく貯金がある
C. 財政が破綻している
D. 投資に成功した

第3問（日本語）
「benefit to local communities」として本文で挙げられている例は？
A. 社会的評判
B. 空気や収入、食料の安定
C. 新しい開発区画
D. 高級住宅の増加

第4問（English）
Which phrase describes what nature can do for humans?
A. Generate oxygen and support biodiversity
B. Invade other ecosystems
C. Corrupt agricultural domains
D. Decline society

第5問（English）
What is the main lesson from the passage?
A. Rapid exploitation leads to long-term wealth
B. True prosperity comes through balance and stewardship
C. Nature’s domain should be isolated from people
D. Pursue profit above all else

✅【解答＆解説編】✅
第1問 正解：B
解説： 「flourish」は「繁栄する」「栄える」という意味で、文中では自然や生態系が繁栄する様子を表します。

第2問 正解：C
解説： 「bankrupt」は「破産した」という意味で、借金や失敗により財政的に立ち行かなくなった状態を指します。

第3問 正解：B
解説： 本文では「恩恵として、空気、安定した収入、食料の安全」が地域社会にもたらされると述べています。

第4問 正解：A
解説： 自然が酸素を生成し、生物多様性を支えることができると書かれているので、選択肢Aが最適です。

第5問 正解：B
解説： 本文全体のメッセージは「急速な搾取ではなく、バランスと受け継ぎ・管理によって真の繁栄が築かれる」ということです。

【⭐️英単語とその意味⭐️】
wealth 富
fortune 富、財産、運
realm 領域、領地
emerge 現れる
flourish 繁栄する
thrive 繁栄する、成長する
real 本当の、現実の
invest 投資する
pursue 追い求める
available 入手できる、利用できる
budget 予算、家計
deposit 貯金、貯める
save 貯める、節約する
debt 借金
bankrupt 破産した
overcome 克服する
property 財産、所有物
estate （主に土地の）財産
asset 資産、財産
capital 資本、(首都、大文字)
interest 利子、興味、利益
benefit 恩恵、利益
income 収入
generate 生み出す
prosper 繁栄する
profit 利益
prevail 普及する、主流となる
scope 範囲、領域
derive ～から得る
explore 探索する
replace 置き換える
decline 衰退する、断る
rot 腐敗する
decay 腐敗する、衰退する
corrupt 腐敗した、堕落させる
domain 領域、領地
pioneer 先駆者
settle 定住する、落ち着く
migrate 移動する、移住する
district 地区、区域
border 境界、国境
approach 接近する、接近
install 設置する
introduce 紹介する、導入する
enclose 囲む、同封する

【日本語訳】
自然の富：種から持続可能な成長へ
自然界の富は、物理的にも象徴的にも存在します。本当の財産は、肥沃な土壌、澄んだ水、そして豊かな森林に見出されます。このような環境の中で、生物たちは現れ、繁栄し、成長し、私たちの社会や生態系に大きな価値をもたらします。

農家たちは、投資として時間と労力を費やし、種をまき、苗を守り、植物の成長を見守ります。彼らは利用可能な資源と自然条件とのバランスを取ることに尽力しています。持続可能な農業を実践する人々は、水の使用を予算化し、土壌に栄養を与え、未来に備えて種子を貯蔵します。

しかし、干ばつや不作の年には、借金を抱えたり、破産に直面することもあります。それでも、計画的な管理と忍耐強さによって、そうした困難を乗り越えることができます。

一部の地域では、土地所有者が広大な不動産や資産を所有しています。彼らは、木々、川、生き物など自然に存在する資本こそが、本当に価値あるものだと認識しています。近年では、環境にやさしい農業や資源の使い方への関心が高まり、多くの地域で恩恵として、きれいな空気、安定した収入、安全な食料供給が得られています。

自然の営みは、起業家や政策立案者にも学びを与えます。健全な森林は酸素を生み出し、水を蓄え、生物多様性を支えます。こうした機能を理解し活用すれば、地域経済は果実、木材、薬草などの形で発展していきます。持続可能な方法を選択すれば、一時的な利益ではなく、長期的で安定した成功が広がっていきます。資源を乱暴に使って得る利益は一見魅力的に見えますが、真の成長は、保全と責任ある管理から生まれるのです。

環境に携わる人々は、より広い視点を持っています。彼らは目先の収益ではなく、自然から長期的な安定と回復力を引き出すことに重きを置きます。古い非持続的な方法から、再生可能な手法へと移行することを目指し、衰えた土地を回復させ、森林を再生させ、川を命の源としてよみがえらせようと努力しています。

とはいえ、自然は常に好意的とは限りません。ある種は衰退し、管理の行き届かない環境では風景が腐り、劣化していきます。不正や腐敗した開発、違法伐採や無秩序な都市化は、自然資源の保全にとって深刻な脅威となります。時には、開発を制限する厳しい判断も必要になるのです。

それでも、環境保護の先駆者たちは、辺境の地に移り住み、再生プロジェクトに取り組んでいます。彼らは国境を越えて技術や理念を広め、持続可能な実践を導入しています。彼らのアプローチは、センサーの設置や在来種の植樹、保護区域の囲い込みなど多岐にわたります。

結局のところ、「自然の富」が私たちに伝える最大の教訓は、繁栄とは、消費と保護、成長と調和のバランスを取ることにあるという点です。植物が丁寧に育てられることで繁栄するように、人間社会も、持続可能な価値観を受け入れれば、健全な形で成長できるのです。本当の富とは、急速な消費からではなく、長期的で思慮深い取り組みから生まれるものなのです。",,listening_teppeki,high,鉄壁英単語を使った英文リスニング問題動画
ERwTr_vmZzM,【問題付き！】【鉄壁英文 #7】鉄壁の英単語No.201-300で英文リスニング,2025-07-25T11:27:15Z,86,1,0,166,https://i.ytimg.com/vi/ERwTr_vmZzM/maxresdefault.jpg,"こちらのリスニング教材は「鉄壁」のNo201-300の英単語を元に作られたものです。
重要単語は動画内で赤文字にしています。単語は概要欄下部にリストアップ。

🌟【問題編】🌟
第1問（日本語）
「acquire」の最も適切な意味はどれ？
A. 忘れる
B. 失う
C. 習得する、獲得する
D. 壊す

第2問（日本語）
「adverse conditions」とはどんな状況か？
A. 好ましい状況
B. 変化のない状況
C. 逆境、不利な状況
D. 静かな環境

第3問（日本語）
企業が求めている人物像として適切なものは？
A. 複数の仕事を適切にこなし、期限内に完了できる人
B. すぐに諦めるが、発想は豊かな人
C. 一つの仕事にしか対応できない人
D. 上司の指示がなければ動けない人

第4問（English）
Which word means “to keep going despite difficulties”?
A. Postpone
B. Hesitate
C. Persevere
D. Avoid

第5問（English）
What is one key message of the passage?
A. Fancy dreams often lead to success without much work.
B. Real success requires consistent effort and adaptability.
C. It’s better to avoid taking on difficult tasks.
D. Talent is more important than persistence.

✅【解答＆解説編】✅
第1問 正解：C
解説：「acquire」は「（スキルや知識などを）習得する、獲得する」という意味で、実務や学習でよく使われます。

第2問 正解：C
解説：「adverse」は「逆境の」「不利な」という意味で、「adverse conditions」は困難な状況を表します。

第3問 正解：A
解説： 本文には「employees capable of handling multiple tasks and completing them on time」とあり、複数の業務を時間通りにこなせる能力が重視されていると分かります。

第4問 正解：C
解説：「persevere」は「困難にもかかわらず続ける、粘り強く取り組む」という意味です。選択肢A〜Dの中ではこれが最も適切です。

第5問 正解：B
解説： 本文では「本当の成功は継続的な努力と適応力によって得られる」という内容が中心となっており、選択肢Bがそれを最もよく表しています。

【⭐️英単語とその意味⭐️】
imagine ～を想像する
fancy 空想の、高級な、手の込んだ
real 現実の、実際の
effort 努力
skill 技術、能力
undertake （仕事などを）引き受ける
task 任務、課題
hesitate ためらう、躊躇する
burden 重荷、負担
persist 粘り強く続ける
talent 才能
acquire ～を獲得する、習得する
initiative 主導権、自発性、行動力
economy 経済
recession 不況、景気後退
adverse 逆境の、不利な
obstacle 障害、妨げ
currency 通貨
cope with ～に対処する
overcome ～を克服する
assign ～を割り当てる
responsible 責任がある
execute ～を実行する
prompt 迅速な、すばやい
performance 業績、成果、実行
multiple 複数の
permanent 永続的な、不変の
temporary 一時的な
persistent 粘り強い、持続する
flexibility 柔軟性
mindset 考え方、思考態度
feedback フィードバック、助言
comparison 比較
perfection 完璧
develop ～を発展させる、成長する
adapt ～に適応する
endeavor 努力、試み
persevere ねばる、粘り強くやり遂げる
achievement 達成、成果

【文章の日本語訳】
多くの人は華やかな生活を想像しますが、現実の世界では努力とスキルが求められます。困難な仕事を引き受けるとき、人はためらうことがありますが、粘り強さが成功の鍵です。目標を追い求め、責任を適切に割り当てることが必要です。経済は不況などの逆境に直面することがあり、それにより負担や障害が生じます。こうした課題に対応し、効率的に行動できるリーダーは困難を乗り越えられます。才能だけでは不十分で、新たな能力を習得し、苦難に耐えて努力を続けることで成果が得られるのです。一時的な成功もあれば、永続的な成功もあります。本当の進歩には継続的な努力と迅速な適応が必要です。現在、多くの企業は複数の仕事をこなし、期限内に完了できる社員を求めています。迅速で効果的な仕事ぶりが成長と繁栄をもたらします。

現代の競争社会では、成果だけでなくその過程も評価されます。人は自分の役割に責任を持ち、明確なコミュニケーションを取ってチームとしてうまく機能する必要があります。協力は生産性を高め、困難な状況を乗り越える助けとなります。リーダーは問題にすばやく対応し、それぞれの強みに応じて仕事を割り当てるべきです。継続的な努力を見せる人は、他者からの信頼と尊敬を得やすくなります。

経済が変動する時代には、常に困難が存在します。しかし、成長を続けようと努力し続ける人にはチャンスが訪れます。完璧を追い求めるのではなく、着実な進歩に焦点を当てることが重要です。成功は一夜にして訪れるものではなく、失敗・改善・粘り強さによって築かれるものです。

成長やスキルの向上を重視する企業は、長く生き残る傾向があります。そうした企業の社員は変化を恐れず、迅速に適応します。彼らは負担やプレッシャーにも対応できるように訓練されており、ストレス下でも能力を発揮します。このような環境が、人々の潜在能力を引き出します。

人々は、一時的な成果ではなく、長く残るものを目指すべきです。目標を達成することには、他者にも貢献できるという意味が加わると、より意義深くなります。真の成功とは、個人的な利益を超えて、目的・責任・そして困難に耐える力を伴うものです。

したがって、学び続け、困難な時期を乗り越え、チームを支える人は、最終的に成功を収めることができます。長期的な成長に集中することで、どんなに逆境の中にあっても乗り越えることができるのです。",,listening_teppeki,high,鉄壁単語を使った英文リスニング問題動画
vkWX_FyxZbs,【問題付き！】【鉄壁英文 #6】鉄壁の英単語No.201-300で英文リスニング,2025-07-24T15:19:43Z,147,1,0,126,https://i.ytimg.com/vi/vkWX_FyxZbs/maxresdefault.jpg,"こちらのリスニング教材は「鉄壁」のNo201-300の英単語を元に作られたものです。
重要単語は動画内で赤文字にしています。単語は概要欄下部にリストアップ。

🌟【問題編】🌟
第1問（日本語）：
レオが直面した主な問題は何ですか？最も適切なものを選びなさい。
A. 村の人々との対立
B. 自分の夢を見失ったこと
C. 村の経済の不況と資金の不足
D. チームメンバーの能力の低さ

第2問（日本語）：
次のうち、レオのプロジェクトの内容として正しいものを選びなさい。
A. 村の観光を促進するアプリの開発
B. 地元の商品をオンラインで販売すること
C. 新しい村を建設すること
D. 農業用ロボットを導入すること

第3問（日本語）：
「persistent effort」にもっとも近い意味はどれですか？
A. 一時的な作業
B. 粘り強い努力
C. 迅速な行動
D. 感情的な反応

Question 4（English）：
What is the main theme of the passage?
A. The importance of advanced technology
B. The struggle between fantasy and illusion
C. Overcoming adversity through cooperation and persistence
D. The failure of economic recovery in small towns

Question 5（English）：
Which of the following best describes Leo's leadership?
A. Careless and slow
B. Passive and hesitant
C. Prompt and efficient
D. Harsh and unrealistic

✅【解答＆解説編】✅
第1問 正解：C
解説：
レオが直面した主な問題は、村の経済が不況であり、通貨価値も下がっていたことです（""long recession"" や ""jobs were rare"" という記述あり）。これは選択肢Cに該当します。

第2問 正解：B
解説：
本文中でレオたちは「地元のクラフト商品やオーガニック食品をオンラインで販売する」ことを目的としていました。これはBの内容に該当します。

第3問 正解：B
解説：
「persistent effort」は「粘り強い努力」という意味です。彼らは困難にもかかわらず日々努力し続けていたので、Bが最も適切です。

第4問  答え: C
Explanation:
物語では、レオと彼のチームが経済不況や資源不足といった困難を乗り越えたことが描かれています。彼らの成功の鍵は「協力」と「粘り強さ」でした。この点が選択肢C「協力と粘り強さによって逆境を乗り越える」に最もよく当てはまります。

第5問 答え: C
Explanation:
レオはチームをまとめるリーダーとして、「即座に対応し、効率的」に仕事をこなしていたと描かれています。これは選択肢C「迅速で効率的」に一致します。他の選択肢は、消極的・非現実的・いいかげんなど、物語の中のレオの描写とは一致しません。

【⭐️英単語とその意味⭐️】
fantasy 空想
reality 本当の, 本物の, 現実の
pursue ～を追い求める
hardship 苦難, 苦労
burden 重荷, 負担
hesitate (～するのを)ためらう, 躊躇する
embark (～に)船出する, 着手する(on～)
task 仕事, 任務
execute ～を実行する, 果たす
illusion 幻想、錯覚
potential 潜在能力, 可能性
talent 才能
economy 経済
recession 不景気, 不況
current 今の； 流通している； 流れ
rare 稀な, めったにない
currency 通貨, 普及
obstacle 障害, 障害物
tackle ～に取り組む, 立ち向かう
assign ～を(…に)割り当てる, 課す(to…)
skill 技術, 能力
ability 能力
effort 努力
struggle 奮闘, 努力
strive (～を得ようと)努力する, 奮闘する(for～)
fulfill ～(義務・約束)を果たす, 実行する
responsible (～に対して)責任のある(for～)
prompt 即座の, 素早い； ～を(…するよう)促す, 刺激する(to do)
efficient 効率的な
persevere ねばる
stock 在庫, 株, 株式
performance 実行, 業績, 演技, 演奏
acquire ～を獲得する, 身につける, 習得する
rapid 急速な
real 本当の, 本物の, 現実の
overcome ～を乗り越える, 克服する
temporary 一時的な, 仮の
permanent 不変の, 永続する",,listening_teppeki,high,鉄壁単語を用いた英文リスニング問題動画
-Yhq8gI8p48,【問題付き！】【5分リスニング #5】鉄壁の英単語No.201-300で英文リスニング,2025-07-22T23:35:44Z,144,0,0,135,https://i.ytimg.com/vi/-Yhq8gI8p48/maxresdefault.jpg,"こちらのリスニング教材は「鉄壁」のNo201-300の英単語を元に作られたものです。
重要単語は動画内で赤文字にしています。単語は概要欄下部にリストアップ。

【問題】
perpetual に最も近い意味を1つ選びなさい。
① sudden
② temporary
③ constant
④ rare

問2（内容一致）
本文の内容と一致するものを1つ選びなさい。
① 努力と才能があればすぐに成功する。
② 人生の困難は常に回避するべきである。
③ 成功は空想や幻想ではなく、行動によって得られる。
④ 現代では幻想のような生き方が現実的である。

問3（文構造）
""Those who adapt and strive will not just survive—they will thrive."" の中で、「～する人々」と訳される関係代名詞の用法として適切なものはどれか。
① which
② whom
③ who
④ whose

Q4 
What defines human resilience?
A. Dreaming constantly about the future
B. Escaping hardship through fantasy
C. Efficient and persistent action in adversity
D. Gaining talent through education

Q5 
What does the word attain most likely mean?
A. Doubt
B. Desire
C. Achieve
D. Compare


【答え】
問1
正解：③ constant
文中の ""rapid change is perpetual""（急速な変化が永続的である）という文脈から、perpetual は「絶え間ない」「ずっと続く」という意味です。したがって最も近いのは constant（絶えず続く）です。
sudden（突然の）や temporary（一時的な）とは逆の意味になります。

問2
正解：③
本文では、成功は illusion（幻想）や fancy（空想）ではなく、consistent action（一貫した行動）によって得られると述べています。③がそれに一致します。
他の選択肢はいずれも本文の主張と反しています。

問3
正解：③ who
""Those who adapt and strive"" の部分で、who は those（人々）を先行詞として受け、主格の関係代名詞になっています。

which は人には使えません。

whom は目的格で、ここでは主語の役割なので不適切。

whose は所有格。

Q4
Answer: C
本文では「効率的な実行、時間を守った努力、そして不況の中でも後退しないことが人間のレジリエンス（回復力）を定義する」と述べられています。つまり、困難な状況でもあきらめずに的確に行動し続けることが、人間の強さを示すという意味です。選択肢Cがこの内容に合致しています。

Q5
Answer: C
「Those who persevere often attain far more than they initially imagined.」（粘り強い人は、最初に想像した以上のものを達成することが多い）という文脈から、attain は「努力して目標を達成する」という意味で使われています。したがって、最も適切な訳は Achieve（達成する）です。

【⭐️英単語とその意味⭐️】
at the moment 今のところ、現在
age 時代、年齢
rapid 急速な
perpetual 永続的な、絶え間ない
seek 探す、追い求める
fulfill 果たす、実現する
potential 潜在能力、可能性
imagine 想像する
fantasy 空想、幻想
effort 努力
persistence 根気、持続
ability 能力
cope with 対処する、うまく対処する
adversity 逆境、困難
talent 才能
strive 努力する、奮闘する
struggle 苦闘する、奮闘
endeavor 努力、試み
overcome 克服する
obstacle 障害、妨げ
abruptly 突然に
hesitate ためらう
embark 乗り出す、着手する
task 仕事、課題
burden 重荷、負担
in charge of ～の責任者である
temporary 一時的な
permanent 永続的な、恒久的な
perform 行う、実行する
efficient 効率的な
execute 実行する
responsible 責任がある
assign 割り当てる
tackle 取り組む
hardship 苦難、困難
postpone 延期する
persevere 粘り強く続ける
attain 達成する
acquire 習得する、得る
skill 技能、技術
capable 有能な、～ができる
constant 一定の、絶え間ない
era 時代
phase 段階、時期
decade 10年、10年間
interval 間隔、合間
advance 前進する、進める
former 以前の
current 現在の
contemporary 現代の
ancient 古代の
illusion 幻想、錯覚
fancy 空想、想像
rare 珍しい
once in a while 時々、たまに
punctual 時間を守る
recede 後退する、遠ざかる
recession 景気後退、不況
currency 通貨
finance 財政、金融
stock 株式、在庫
capacity 能力、収容力
persist 持続する、固執する
epoch 時代、紀元",,listening_teppeki,high,鉄壁単語によるリスニング問題動画のため
SMAVxmlkUOk,【★問題付き★TOEICリスニング対策 #2】「金のフレーズ」の英単語No.1-100で作る英文リスニング,2025-07-21T21:53:39Z,127,2,0,291,https://i.ytimg.com/vi/SMAVxmlkUOk/maxresdefault.jpg,"こちらのリスニング教材は「TOEIC L & R TEST 出る単特急 金のフレーズ」のNo1-100の英単語を元に作られたものです。
問題はTOEICの問題を想定しています。答えは一番下へ！

Questions 1–7 refer to the following email.

Q1. What is the main purpose of this email?
A. To ask employees to submit a new marketing proposal
B. To notify employees of a product release and related updates
C. To confirm new employee training schedules
D. To inform staff of office relocation plans

Q2. When will the first batch of products be shipped?
A. In early July
B. On August 2
C. At the end of the next quarter
D. After the sales fair concludes

Q3. What should an employee do if a customer asks for a refund?
A. Issue the refund directly
B. Transfer the request to their supervisor
C. Direct the customer to the customer service center
D. Send the customer a replacement unit

Q4. Where are the packaging materials currently located?
A. In the headquarters
B. At the marketing department
C. At the warehouse in Frankfurt
D. In retail stores

Q5. What does the marketing team plan to do?
A. Host a press conference
B. Hire promotional staff
C. Launch a series of commercials and send merchandise
D. Change the name of the device

Q6. What is TRUE about the regional sales fair?
A. It will be held at the company's headquarters
B. Booth space is guaranteed for all departments
C. Participation requires pre-registration
D. The flyer will be distributed next week

Q7. What may happen if employees fail to renew their software licenses?
A. They may lose access to the internal directory
B. Their email accounts may be deleted
C. Their system access may be limited
D. Their sales data may be erased

答え
Q1: B
Q2: B
Q3: C
Q4: C
Q5: C
Q6: C
Q7: C",,listening_toeic,high,TOEIC単語でのリスニング問題動画
S2Wyhikac6k,TOEICリスニング対策#1 #英語 #toeic #リスニング,2025-07-21T21:38:12Z,230,1,1,60,https://i.ytimg.com/vi/S2Wyhikac6k/maxresdefault.jpg,,,listening_toeic,high,タイトルにTOEICリスニング対策を明記
d71m_e3W95c,【3分リスニング #1】「金のフレーズ」の英単語No.1-100で英文リスニング,2025-06-26T15:26:12Z,167,5,0,134,https://i.ytimg.com/vi/d71m_e3W95c/maxresdefault.jpg,"こちらのリスニング教材は「TOEIC L & R TEST 出る単特急 金のフレーズ」のNo1-100の英単語を元に作られたものです。
以下が、英単語の意味・日本語のスクリプトになります

【⭐️英単語とその意味⭐️】
department　部門
employee　従業員
application　応募書類
candidate　候補者
offer　申し出る
résumé　履歴書
equipment　機器
located　位置して
local　地元の
transportation　輸送手段
attend　出席する
instruction　説明書
review　論評する
policy　規定
reserve　予約する
register　登録する
purchase　購入する
according to　～によると
refer　参照する
opening　空き
proposal　提案
approve　承認する
additional　追加の
budget　予算
survey　アンケート調査
performance　業績
client　顧客
recently　最近
construction　建設
facility　施設
production　生産
tour　見学する
repair　修理
replacement　交換品
inform　知らせる
process　処理する
announce　発表する
corporate　企業の
conference　会議
financial　お金の
upcoming　今度の
annual　年間の
pleased　満足して
excellent　素晴らしい
award　賞
agency　代理店

🇯🇵 日本語訳：会社のオリエンテーションへようこそ。
本日は、さまざまな部門と新入社員が知っておくべき重要な手続きについてご紹介します。

まずは、人事部門についてお話しします。この部門は、従業員の記録管理、応募書類の処理、候補者との面接の手配を担当しています。選考に通過すると、**申し出（内定）**が届き、履歴書の提出を求められます。

採用が決定すると、仕事の責任について知らされ、必要な機器が提供されます。私たちの会社は、地元の交通機関へのアクセスが便利な場所に位置しています。

すべての従業員は、研修セッションに出席し、従業員マニュアルに記載された指示に従うことが求められます。研修中には、会議室の予約方法、イベントへの登録、オフィス用品の購入方法など、会社の規定を見直します。

会社の方針によると（according to）、社内ウェブサイトを参照して他の部門の空き状況を確認したり、新しいプロジェクトの提案を提出したりできます。承認されれば、そのプロジェクトには追加の****予算やリソースが与えられる可能性があります。

また、フィードバックを共有するためにアンケート調査へ参加することを推奨しています。これにより、全体の業績を改善し、より良いサービスを顧客に提供できるようになります。

最近、生産チーム向けの新しい施設の建設が完了しました。来週にはガイド付きの見学ツアーが開催される予定です。興味のある方は事前に登録してください。

もし修理が必要な場合や、機器の交換品が必要な場合は、IT部門に知らせてください。ほとんどのリクエストは2営業日以内に処理されます。

当社の企業の****重役は、定期的に会社の目標についての最新情報を発表しています。最近の会議では、財務結果と今後の年次会議に向けた予算計画が話し合われました。

私たちは、素晴らしい仕事を見るのがいつもうれしい（満足して）です。優秀な従業員には賞が授与されたり、月刊ニュースレターで紹介されたりすることもあります。

ご質問がある場合は、直属の上司または人事に遠慮なくご連絡ください。",,listening_toeic,high,金のフレーズのTOEIC単語を用いたリスニング動画
7KQ-xXNf0gw,【5分リスニング #4】鉄壁の英単語No.101-200で英文リスニング,2025-06-24T09:12:12Z,110,2,0,211,https://i.ytimg.com/vi/7KQ-xXNf0gw/maxresdefault.jpg,"こちらのリスニング教材は「鉄壁」のNo101-200の英単語を元に作られたものです。
以下が、英単語の意味・日本語のスクリプトになります

【⭐️英単語とその意味⭐️】
grasp つかむ
cling しがみつく
attach 付ける、愛着を持たせる
let go（※表現） 手放す、あきらめる
release 解放する
restrain 抑える、制限する
restrict 制限する
distress 苦悩させる
eliminate 排除する
remove 取り除く
dispose of 処分する
get rid of 取り除く、捨てる
discard 捨てる
do away with 廃止する、やめる
abandon 見捨てる
desert 見捨てる、離れる
deprive 奪う
forgive 許す
overlook 見逃す、大目に見る
spontaneous 自発的な
voluntary 自由意志の、任意の
permit 許可する
allow 許す
substitute 代用する
divide 分ける、分裂させる
expand 拡張する
shrink 縮む
stir かき混ぜる、動かす
explode 爆発する
attract 引きつける
twist ねじる
strain 負担、緊張
tense 緊張した
generous 寛容な
tolerate 許容する
prohibit 禁止する
forbid 禁じる
scheme 計画、構想
practical 実用的な
ideal 理想の
intention 意図、意志

🇯🇵 日本語訳：手放して、前へ進む

人生では、私たちは多くのものを抱えています。
それは、物理的なもの――本やカバン、道具――かもしれませんし、感情的なもの――思い出、目標、後悔――かもしれません。
私たちは大切だと思うものを握りしめ、安全だと感じるものにしがみつきます。
人や場所、計画に意味を持たせます。
しかし、成長するためには、ときにそれらを「手放す」ことが必要です。

コントロールを手放すのは簡単ではありません。
恐れによって自分を抑えたり、習慣によって縛られたりします。
たとえそれがもう役に立たないものであっても、慣れ親しんだ何かを取り除くことは、心の負担になります。
それでも私たちはどこかで気づいています――不要なものを排除することで、心に余白が生まれることを。
古い不安を処分することで、平穏が訪れるのです。

手放しは「気づき」から始まります。
何が自分にとって重荷になっているのかを見極めること――古びた考え、人を疲弊させる関係、もはや情熱を感じない習慣。
ストレスを取り除く最良の方法は、時に「期待を捨てる」ことです。
それらが間違っていたわけではなく、私たち自身が変化したのです。

過去を手放すというのは、過去を否定することではありません。
それは、過去をきちんと見つめたうえで、そこから前へと進むということ。
自分を見捨てるのではなく、エネルギーをもっと賢く使う選択です。
その結果、私たちは自由を取り戻します――今を自分の手で形づくる自由です。

手放すことは「許し」でもあります。
過去の失敗に対して自分を許すこと、他人がもたらした痛みを許すこと、計画通りにいかなかった瞬間を大目に見ること。
許すということは、忘れることではなく、「癒しを受け入れること」なのです。

荷物が軽くなると、私たちは強さに気づきます。
もはや、盲目的に突き進んだり、すべての期待に応えようと無理をする必要はありません。
代わりに、目的を持って、自然な流れの中で行動できます。
直感に従い、自分の意図を自然に展開させ、進むべき道を変えることさえ許せるのです。

新しい始まりの中には、しばしば「明確さ」があります。
過去の教訓を集め、勇気を集めて、再出発する。
新たな目標に向かい、時には小さく、時には大きく挑戦します――誰かに認められるためではなく、自分自身を大切にするために。

そのプロセスの中で、私たちは新たな人々やチャンスを引き寄せることがあるでしょう。
希望と不安の間で揺れながら、新しい夢が芽生え、未来への期待に心が踊ります。
可能性の視野を広げる一方で、他者からの承認への依存心は小さくなっていきます。
そして、つまずいたときには、そこから学び、物語の語り方を変え、自分を成長させていくのです。

変化の中で緊張するのは自然なことです。
葛藤や抵抗、時には悲しみもあるでしょう。
しかし、自分に対して寛大であり、不快な感情にも寛容であることで、私たちはバランスを保つことができます。

世界は、ある種のリスクを禁じるかもしれません。
文化は、特定の道を歩むことを許さないかもしれません。
それでも――あなたの人生は、あなたが形づくるもの。
その計画が実用的であれ理想的であれ、派手であれ静かであれ、「意図」が何よりも重要です。

だから、最初の一歩を踏み出しましょう。
恐れるのではなく、「自由」を感じながら。
いま必要のない重荷を下ろし、自分自身に「本当に生きる」チャンスを与えてください。

手放すことは、失うことではありません。
それは、新たに始めることなのです。",,listening_teppeki,high,鉄壁単語を使った英文リスニング教材だから
kyt13gQ2tso,【5分リスニング #3】鉄壁の英単語No.101-200で英文リスニング,2025-06-24T04:29:08Z,189,3,1,213,https://i.ytimg.com/vi/kyt13gQ2tso/maxresdefault.jpg,"こちらのリスニング教材は「鉄壁」のNo101-200の英単語を元に作られたものです。
以下が、英単語の意味・日本語のスクリプトになります

【⭐️英単語とその意味⭐️】
aim 狙う、目指す
spontaneous 自発的な
voluntary 自由意志による、任意の
burst 爆発する、突然起こる
swell 膨らむ、増大する
urge 衝動、促す
collect 集める
assemble 組み立てる、集める
equip 装備する
cram 詰め込む
rotate 回転する、交代する
stretch 伸ばす、広げる（※派生的表現）
distort 歪める
mold 形作る
imitate 真似る
project 計画する、投影する
stir かき混ぜる、掻き立てる
twist ねじる、ひねる
grasp つかむ
grab ひっつかむ
disrupt 混乱させる
interfere 邪魔をする
interrupt 中断する
refrain 慎む、控える
restrict 制限する
strain 緊張させる、負担をかける
tense 緊張した
compel 強いる
oblige 義務づける
cling しがみつく
stick くっつく、固執する
extract 抽出する、取り出す
melt 溶かす
discard 捨てる
eliminate 排除する
remove 取り除く
strip はぎ取る
upset ひっくり返す、不安にする
abandon 見捨てる
rob 奪う
deprive 奪う、与えない
liberty 自由
furnish 備え付ける、提供する
supply 供給する
offer 提供する
attract 引きつける
generous 寛大な
tolerate 許容する
forgive 許す
overlook 見逃す、大目に見る
prohibit 禁止する
forbid 禁じる
ban 禁止する
hinder 妨げる
prevent 防ぐ、妨げる
cease やめる、中止する
promote 促進する
encourage 励ます、促す
enhance 高める、強化する
enterprise 事業、企て
attempt 試み
purpose 目的
destination 目的地
ideal 理想
practical 実用的な

🇯🇵 日本語訳：すべての偉業は、一つの「目的」から始まる。
新しい発明を作り出すことでも、社会を良くすることでも、自分自身を理解することでも、その旅はしばしば自発的なアイデアや自由意志による行動から始まる。
そうした瞬間は計画的であるとは限らず、自然に、時には強烈に生まれる。
創造性の爆発、感情の高まり、あるいは行動を起こしたいという強い衝動が、私たちを前進させる。

私たちは資源を集め、人を集め、アイデアを組み立てる。
それぞれの要素は慎重に選ばれなければならない。機械に適切な部品を備え付けるように。
スケジュールを詰め込み、会議をローテーションで回し、自分の限界まで引き伸ばす。
それでも私たちは、それが価値あることだと信じて前に進む。
時には、現実を歪めたり、状況を作り変えたりして、自分の理想に合うようにする。
それでも、私たちは進むのだ。

その過程で、私たちは過去のモデルを真似し、未来の目標を計画し、エネルギーをかき立てる。
問題をねじって意味を見出し、チャンスをつかみ、ビジョンを信じてくれる人々から支持を得る。
時には混乱が起き、思わぬ問題が計画を妨害したり、進行を遮ったりするが、私たちは適応を学ぶ。

すべてが順調というわけではない。
あらゆる衝動に従うのではなく、自制し、注意を制限し、人間関係に負担をかけながらも集中する。
緊張が走り、時には強制されているように感じることもある。
もはや元の意図を見失ってしまっている場合もある。
それでも、私たちは希望にしがみつき、目標に固執し続ける。

ときには、失敗から教訓を引き出す必要がある。
古い戦略を溶かし、悪い習慣を捨て、不要な手順を排除する。
精神的な重荷を取り除き、疑念を脱ぎ捨て、古い考え方を処分する。
こうした行動は、心の安定をかき乱すかもしれないが、成長には欠かせない。

すべてが崩れ去ったとき——夢が爆発したとき、計画が壊れたとき——それでも、私たちは自分の価値観を見捨ててはならない。
時間を奪われたり、認められなかったりしたと感じるかもしれない。
それでも私たちは、再び始める自由を持っている。
私たちはいつでも新しい計画を提供し、新鮮なエネルギーを供給し、他人に支援を差し出すことができる。

本当の意味での「構築者」たちは——橋を、アイデアを、コミュニティを築く人々は——他者を惹きつけ、行動を促す力が、成功そのものよりも重要であることを知っている。
彼らは寛大で、失敗を許容し、過ちを許し、欠点を見逃す。

しかし、変化に抵抗する力も存在する。
体制は革新を禁止し、行動を禁じ、声を封じるかもしれない。
官僚主義が創造力を妨げたり、私たちが限界を押し広げるのを阻止することもある。
そんなときこそ、私たちはやめるのではなく、新しいアイデアを推進し、協力を奨励し、理解を深める必要がある。

たとえそのプロジェクトが失敗に終わったとしても、試み自体に意味がある。
目的は必ずしも到達点だけではなく、その過程にある。
最終的に、私たちは理想に届かないかもしれないが、実際的な努力を通じて、私たちは何かを学ぶ。
それこそが、ひとつの成功のかたちなのだ。",,listening_teppeki,high,鉄壁英単語を使った英文リスニング教材
WTWCh9AX0KU,【5分リスニング #2】鉄壁の英単語No.1-100で英文リスニング,2025-06-22T13:40:16Z,191,5,1,261,https://i.ytimg.com/vi/WTWCh9AX0KU/maxresdefault.jpg,"こちらのリスニング教材は「鉄壁」のNo1-100の英単語を元に作られたものです。
以下が、英単語の意味・日本語のスクリプトになります

【⭐️英単語とその意味⭐️】
tiny とても小さい、わずかな
slight わずかな、小さな
consequences 結果、影響
prominent 目立つ、重要な
precise 正確な、明確な
accurate 正確な
internal 内部の、内面的な
external 外部の、外的な
organize 組織化する、整理する
trait 特徴、特性
particular 特定の、特別な
general 一般的な
specific 明確な、具体的な
stable 安定した
familiar なじみのある、よく知られた
values 価値観
character 性格、人格
institutions 制度、組織
fundamental 基本的な、根本的な
consist 構成されている
elements 要素
submit 従う、提出する
submission 服従、提出
subject 支配される者、被験者
substitute 代わりにする、代用する
divide 分ける、分割する
destroy / destroyed 壊す、破壊する
expose さらす、暴露する
specify / specified 指定する、詳しく述べる
basis 基礎、根拠
emit 発する（エネルギー・光など）
spread 広げる、広まる
supervise 監督する、管理する
ground 地面、基盤
superb すばらしい、卓越した
shallow 浅い、浅薄な
primary 最も重要な、第一の
decision(s) 決定、選択
reflection 熟考、内省
intention(s) 意図、目的
growth 成長、発展
creativity 創造性
confrontation 対立、直面
courage 勇気

🇯🇵 日本語訳：私たちの決断の背後にある複雑さ
毎日、私たちは選択をしています。中にはとても小さく、ほとんど気づかないようなものもあります。たとえば、何を着るか、昼食に何を食べるかといったことです。その他の選択は、一見ささいに思えるかもしれませんが、その結果は思いがけない形で私たちの人生に波紋を広げていきます。一見目立たないような選択でも、時間が経つにつれて、それが私たちの「あり方」を形作ることもあるのです。

人はしばしば、選択は論理だけで行われると信じています。正確な事実や確かな情報に基づいていると。しかし実際には、私たちの心は感情、記憶、そして経験に満ちています。ひとつひとつの決断には、私たち自身すら完全には意識できていない内面的な思考や感情、さらには文化や家族、社会といった外部からの力が影響しています。

私たちがどのようにして決断を下すのかを理解するために、心理学者たちは人間の行動をパターン化しようとします。彼らは共通した特性を分析すると同時に、私たち一人ひとりを特別な存在にする個別の違いにも注目します。ある行動は一般的に見える一方で、別の行動は非常に特定の経験により形づくられているのです。

たとえば、「今の職場にとどまるべきか、それとも新たな機会に挑戦するべきか」という選択を考えてみましょう。一見すると簡単な選択に見えるかもしれませんが、そこには多くの層が重なっています。現在の職場は安定していて、親しみもあり、よく知っている場所かもしれません。一方で、新しい職場はより大きな可能性を提供してくれるかもしれませんが、同時にリスクも伴います。賢明に選ぶためには、客観的な事実を比較するだけでなく、自分自身の価値観、目標、そして性格も考慮しなければなりません。

ある人は、学校や政府、宗教団体などの制度に指針を求めます。別の人は、自分のアイデンティティの根底にあると信じるものと向き合おうと内面に目を向けます。いずれにしても、こうした選択は無数の要素から成り立っており、それぞれが独自の重みと意味を持っているのです。

場合によっては、自分で選んでいない選択を受け入れざるを得ないこともあります。たとえば、予期せぬ危機が発生して会社を閉鎖せざるを得なかったり、人間関係が終わったり、計画が変更されたりすることもあるでしょう。こうした出来事は、「服従」や「支配される立場」にあるような感覚をもたらすかもしれません。しかし、そうした状況においてさえも、「どう対応するか」という点においては、私たちには選択の力が残されています。

ときには、私たちはある願望を別のもので「置き換え」ようとします。夢を「現実的」な道に変えたり、好きなことと求められていることの間で注意を分散させたりします。しかし、そういった選択はしばしば、「自分の望み」と「社会の期待」との間の葛藤を引き起こします。

自分自身をよりよく理解するには、自分の内なる意図と外部から課されている期待の両方を探る必要があります。この旅は、古い信念をただ壊すことではなく、「今も自分にとって意味を持つ信念はどれか」「成長のために手放すべき信念はどれか」を見極める過程なのです。

私たちは、ときに説明のできない静かな引力に引き寄せられるような感覚を抱きます。特に、それが常識や社会通念と反する場合、自分の本当の気持ちをさらけ出すのは簡単ではありません。しかし、明確さというのは、劇的な瞬間からではなく、注意深く思考の基盤を振り返る中で生まれるものなのです。

成長には、創造性や対話、あるいは対立を通してエネルギーを「放出」することが求められることもあります。自分の考えを広げ、行動を監督し、ときには軌道修正をすることも必要です。そうした一つひとつの行為が、私たちの進化の「土台」となるのです。

私たちは完璧を目指すことが多いですが、すべての道が「素晴らしい」わけではありません。中には、浅い理由や恐れに基づいたものもあるでしょう。しかし、たとえ不完全な選択であっても、そこから学べることはたくさんあります。そして、ときに「前に進むための第一歩」は、「決断とは決して単純なものではない」と気づくことにあるのです。

結局のところ、私たちの決断は孤立して生まれるものではありません。それは、長年の学び、失敗、夢、そして変化の積み重ねの中から生まれるものなのです。大切なのは、常にその「結果」ではなく、「選ぶ勇気」と「なぜその選択をしたのかを振り返ること」なのです。",,listening_teppeki,high,鉄壁単語を用いた英文リスニング動画
s0yFNWpvt9E,【5分リスニング】鉄壁の英単語No.1-100で英文リスニング,2025-06-22T06:08:27Z,489,12,5,249,https://i.ytimg.com/vi/s0yFNWpvt9E/maxresdefault.jpg,"こちらのリスニング教材は「鉄壁」のNo1-100の英単語を元に作られたものです。
以下が、英単語の意味・日本語のスクリプトになります
【英単語とその意味】
neglect – 無視する、怠る
crucial – 重大な、決定的な
essential – 必須の、本質的な
indispensable – 欠くことのできない、絶対必要な
ordinary – 普通の、通常の
familiar – よく知られた、親しい
significance – 重要性、意義
unique – 独特の、唯一の
peculiar – 独特の、奇妙な
common – 普通の、一般的な
typical – 典型的な、代表的な
vivid – 鮮やかな、鮮明な
revive – 生き返らせる、復活させる
focus – 集中する
concentrate – 集中する
structure – 構造、組織
surface – 表面、外見
trivial – 些細な、取るに足らない
trifle – 些細なこと、わずかな量
matter – 問題、重要である
make a difference – 影響を与える、重要である
count – 重要である、計算する
superficial – 表面的な、浅薄な
profound – 深い、深遠な
core – 核心、中心部
ignore – 無視する、気にしない
eminent – 著名な、高名な
aspect – 側面、様相
trait – 特徴、特質
architecture – 建築、構造
component – 構成要素、部品
emphasize – 強調する
stress – 強調する、ストレス
construct – 建設する、組み立てる
foundation – 基礎、創設
base – 土台、基礎
submit – 提出する、服従する
lean – 傾く、寄りかかる
define – 定義する、はっきり示す
vague – 漠然とした、不明瞭な
ambiguous – 曖昧な、多義的な
obscure – 不明瞭な、曖昧な
apparent – 明らかな、見たところの
evident – 明白な、明確な
erect – まっすぐに立てる、直立した
stable – 安定した、揺るがない
scatter – 散らす、まき散らす
diffuse – 拡散する、散らす
bend – 曲げる、曲がる
feature – 特徴、特色
character – 性格、性質
distinguish – 区別する、見分ける
specify – 明確に述べる、指定する
compose – 構成する、作曲する
reveal – 明らかにする、暴露する
conceal – 隠す、秘密にする
subdue – 征服する、抑える
impose – 課す、押し付ける
complex – 複雑な、複合体
complicated – 複雑な、込み入った
element – 要素、成分
superstition – 迷信
absorb – 吸収する、夢中にさせる

🇯🇵 日本語訳：「シンプルなものの隠れた力」
人はしばしば、人生のささやかな瞬間を軽視してしまいます。
私たちは、「重要」「不可欠」あるいは「絶対に外せない」と思われるタスクにばかり目を向け、身の回りのありふれたものに気づくことを忘れてしまうのです。
しかし、こうしたおなじみの経験の中にこそ、しばしば本当の意味が隠されているのです。

先週の日曜日、私は近所を散歩しました。天気は晴れで、太陽がまぶしく、風はわずかにひんやりしていました。
特にユニークなことも、変わった出来事もありません。すべてがありふれていて、典型的な日常のように感じられました。
でもなぜか、内側から活力がよみがえったような感覚がありました。世界が以前よりも鮮やかに見え、色彩がより豊かに感じられたのです。

私は歩きながら、葉っぱの構造や、湖の水面に差し込む光、鳥のさえずりといった細部に集中するようになりました。
これらは一見すると些細なことや取るに足らないことに思えるかもしれません。
けれども、それらは確かに価値がある、意味を持つと感じられました。
たとえ歴史を変えるようなことではなくても、自分の気持ちや考えに影響を与えることは間違いなくあるのです。

このとき私は気づいたのです。表面的に思えるものの裏に、時に深い意味が隠れていることがあると。
表面の下には、私たちが普段見過ごしている核（コア）のような何かがあるのです。
人生は、必ずしも大きな出来事や卓越した功績だけで構成されているわけではありません。
それよりも、目に見えにくい側面や、人の特徴、環境の構成要素のようなものに目を向けることの方が大切な時もあります。
それはちょうど、建築物が外からは単純に見えても、実際にはさまざまな部品で成り立っているようなものです。

私たちはよく、成功や進歩だけを強調しがちです。
未来へ進むために何かを築き上げ、確立しようとします。
それはそれで大事なことです。
でも、心の安定を作り上げているのは、実はそうした土台となる小さな喜びであったりもするのです。
どんなに立派な建物でも、しっかりした基礎がなければ崩れてしまいます。

ときには、自分を今この瞬間に委ねる必要があります。
何かに抵抗するのではなく、ただ身を任せてみるのです。
すべてを定義したり、理解しようとしたりする必要はありません。
物事の中には、曖昧で、はっきりしないものもあります。
でも、だからといってそれらが無意味だとは限りません。
時に、目に見えていることが、真に明らかなこととは限らないのです。

私は一本の木の下で立ち止まりました。
その木はまっすぐに立ち、どっしりと安定していました。
枝が風に吹かれて散り、光が葉の間から拡散していました。
数枚の花びらが曲がって、風に舞い上がっていきました。
劇的なことではありませんが、それは確かに美しい瞬間でした。

人生とは、そうした細部の連なりだと思いました。
中には内面的なものもあれば、外側から見えるものもあります。
でも、それぞれがそれぞれの特徴を持ち、それぞれの性格（キャラクター）を持っています。
私たちは何が重要で何がそうでないのか、常に区別できるわけではありません。けれども、自分自身が明確にすることはできます。

突然、遠くで犬が吠え、子どもの笑い声が聞こえてきました。
近くの家から音楽も流れてきました。
それらの音や感覚がすべて混ざり合い、静かで満ち足りた瞬間を構成していました。

私たちはよく、自分の目的を明らかにしようとし、自分とは何者かを定義しようとします。
でも同時に、自分の一部を隠したり、社会に合わせるために自分を抑えたり、従ったりすることもあります。
それでも、本当の自分は、外からのプレッシャーや押し付けられた価値観ではなく、安定した内面から生まれるのだと思います。

結局のところ、私たちは皆、大きな設計図の一部です。
それはまるで機械の部品のように、あるいは複雑なシステムの要素のようなもの。
でも、最も洗練されたシステムでさえ、1つの基本的な部品から始まるのです。

あの散歩は私に気づかせてくれました。
迷信や期待、浅はかな目標の裏にも、もっと深くて価値のある何かがあるのだということを。

前に進むには、ただ立ち止まって、深呼吸し、今を吸収する時間が必要なのかもしれません。
そして、ただ「あるがままの人生」を受け入れることが、次の一歩への礎になるのかもしれません。",,listening_teppeki,high,鉄壁単語を使った英文リスニング動画のため
NPYjClxpJ_g,【絶対英単語を覚える】英単語帳 鉄壁を聞いて、発音、効率エクササイズ　No.500-1001,2025-04-01T14:55:48Z,552,4,7,885,https://i.ytimg.com/vi/NPYjClxpJ_g/hqdefault.jpg,"No1-No2176の再生リスト
https://www.youtube.com/playlist?list=PL0wZoBmJsWQa_3Ci1GGxBygucjJ0CK0MV

こちらの動画を活用して
「英単語帳　鉄壁」を完璧に覚え、英語を上達させよう！

学習方法
①英語の発音を聞く
②その発音を真似して、発音する
③すぐに日本語の意味を答える

＊日→英の順番に流れる動画も用意します！

＊単語がランダムに流れる高難易度動画も用意します！

ぜひ、チャンネル登録、毎日英語学習進めていきましょう！

================================
気合イングリッシュとは、
↓↓↓↓↓↓↓↓↓↓↓↓↓↓

一般的な英語学習とは異なり、
①皆さんの目標を明確にして、個別にカスタマイズされた学習計画を作成
②英会話レッスン、英文添削など質の高い英語学習を提供
③生徒である皆さんには、私たちが「毎日リマインド」「常にサポート」し、必ず続ける、サボれない伴走型英語学習を実現します。
高校・大学受験、留学、海外大学院進学、ビジネス活用とあなたの目標を共に実現させましょう

英語習得は簡単ではありません。
「これさえすれば、、、」なんて甘い謳い文句も言いません。
あなたと私たちの「気合」で、正しい努力を重ねて、必ず英語を習得しましょう。

詳細はこちらから！
公式ライン：https://lin.ee/ivju6ew
ウェブサイト：https://kiaienglish.my.canva.site/",,vocab_teppeki,high,鉄壁英単語聞き流し動画のため
0mvNN_AsGsE,【絶対英単語を覚える】英単語帳 鉄壁を聞いて、発音、効率エクササイズ　No.1-500,2025-03-30T09:59:46Z,1275,23,1,1047,https://i.ytimg.com/vi/0mvNN_AsGsE/hqdefault.jpg,"No1-No2176の再生リスト
https://www.youtube.com/playlist?list=PL0wZoBmJsWQa_3Ci1GGxBygucjJ0CK0MV

こちらの動画を活用して
「英単語帳　鉄壁」を完璧に覚え、英語を上達させよう！

学習方法
①英語の発音を聞く
②その発音を真似して、発音する
③すぐに日本語の意味を答える

＊日→英の順番に流れる動画も用意します！

＊単語がランダムに流れる高難易度動画も用意します！

ぜひ、チャンネル登録、毎日英語学習進めていきましょう！

================================
気合イングリッシュとは、
↓↓↓↓↓↓↓↓↓↓↓↓↓↓

一般的な英語学習とは異なり、
①皆さんの目標を明確にして、個別にカスタマイズされた学習計画を作成
②英会話レッスン、英文添削など質の高い英語学習を提供
③生徒である皆さんには、私たちが「毎日リマインド」「常にサポート」し、必ず続ける、サボれない伴走型英語学習を実現します。
高校・大学受験、留学、海外大学院進学、ビジネス活用とあなたの目標を共に実現させましょう

英語習得は簡単ではありません。
「これさえすれば、、、」なんて甘い謳い文句も言いません。
あなたと私たちの「気合」で、正しい努力を重ねて、必ず英語を習得しましょう。

詳細はこちらから！
公式ライン：https://lin.ee/ivju6ew
ウェブサイト：https://kiaienglish.my.canva.site/",,vocab_teppeki,high,鉄壁単語帳の聞き流し動画だから
BxVugxW0PEM,（再アップ）【絶対英単語を覚える】英単語帳 鉄壁を聞いて、発音、効率エクササイズ　No.1501-2176,2025-02-15T12:20:43Z,7200,101,15,2395,https://i.ytimg.com/vi/BxVugxW0PEM/maxresdefault.jpg,"No1-No2176の再生リスト
https://www.youtube.com/playlist?list=PL0wZoBmJsWQa_3Ci1GGxBygucjJ0CK0MV

こちらの動画を活用して
「英単語帳　鉄壁」を完璧に覚え、英語を上達させよう！

学習方法
①英語の発音を聞く
②その発音を真似して、発音する
③すぐに日本語の意味を答える

＊日→英の順番に流れる動画も用意します！

＊単語がランダムに流れる高難易度動画も用意します！

ぜひ、チャンネル登録、毎日英語学習進めていきましょう！

================================
気合イングリッシュとは、
↓↓↓↓↓↓↓↓↓↓↓↓↓↓

一般的な英語学習とは異なり、
①皆さんの目標を明確にして、個別にカスタマイズされた学習計画を作成
②英会話レッスン、英文添削など質の高い英語学習を提供
③生徒である皆さんには、私たちが「毎日リマインド」「常にサポート」し、必ず続ける、サボれない伴走型英語学習を実現します。
高校・大学受験、留学、海外大学院進学、ビジネス活用とあなたの目標を共に実現させましょう

英語習得は簡単ではありません。
「これさえすれば、、、」なんて甘い謳い文句も言いません。
あなたと私たちの「気合」で、正しい努力を重ねて、必ず英語を習得しましょう。

詳細はこちらから！
公式ライン：https://lin.ee/ivju6ew
ウェブサイト：https://kiaienglish.my.canva.site/",,vocab_teppeki,high,英単語帳 鉄壁の学習動画
UX4MdFKSBv0,【絶対英単語を覚える】英単語帳 鉄壁を聞いて、発音、効率エクササイズ　No.1001-1500,2025-01-21T15:30:42Z,6261,81,16,1738,https://i.ytimg.com/vi/UX4MdFKSBv0/hqdefault.jpg,"No1-No2176の再生リスト
https://www.youtube.com/playlist?list=PL0wZoBmJsWQa_3Ci1GGxBygucjJ0CK0MV

こちらの動画を活用して
「英単語帳　鉄壁」を完璧に覚え、英語を上達させよう！

学習方法
①英語の発音を聞く
②その発音を真似して、発音する
③すぐに日本語の意味を答える

＊日→英の順番に流れる動画も用意します！

＊単語がランダムに流れる高難易度動画も用意します！

ぜひ、チャンネル登録、毎日英語学習進めていきましょう！

================================
気合イングリッシュとは、
↓↓↓↓↓↓↓↓↓↓↓↓↓↓

一般的な英語学習とは異なり、
①皆さんの目標を明確にして、個別にカスタマイズされた学習計画を作成
②英会話レッスン、英文添削など質の高い英語学習を提供
③生徒である皆さんには、私たちが「毎日リマインド」「常にサポート」し、必ず続ける、サボれない伴走型英語学習を実現します。
高校・大学受験、留学、海外大学院進学、ビジネス活用とあなたの目標を共に実現させましょう

英語習得は簡単ではありません。
「これさえすれば、、、」なんて甘い謳い文句も言いません。
あなたと私たちの「気合」で、正しい努力を重ねて、必ず英語を習得しましょう。

詳細はこちらから！
公式ライン：https://lin.ee/ivju6ew
ウェブサイト：https://kiaienglish.my.canva.site/",,vocab_teppeki,high,鉄壁英単語聞き流し教材動画のため
xIPkl7w9B3s,【絶対英単語を覚える】英単語帳 鉄壁を聞いて、発音、効率エクササイズ　No.501-1000,2024-09-14T13:53:00Z,9312,135,17,1814,https://i.ytimg.com/vi/xIPkl7w9B3s/hqdefault.jpg,"No1-No2176の再生リスト
https://www.youtube.com/playlist?list=PL0wZoBmJsWQa_3Ci1GGxBygucjJ0CK0MV

こちらの動画を活用して
「英単語帳　鉄壁」を完璧に覚え、英語を上達させよう！

学習方法
①英語の発音を聞く
②その発音を真似して、発音する
③すぐに日本語の意味を答える

＊日→英の順番に流れる動画も用意します！

＊単語がランダムに流れる高難易度動画も用意します！

ぜひ、チャンネル登録、毎日英語学習進めていきましょう！

================================
気合イングリッシュとは、
↓↓↓↓↓↓↓↓↓↓↓↓↓↓

一般的な英語学習とは異なり、
①皆さんの目標を明確にして、個別にカスタマイズされた学習計画を作成
②英会話レッスン、英文添削など質の高い英語学習を提供
③生徒である皆さんには、私たちが「毎日リマインド」「常にサポート」し、必ず続ける、サボれない伴走型英語学習を実現します。
高校・大学受験、留学、海外大学院進学、ビジネス活用とあなたの目標を共に実現させましょう

英語習得は簡単ではありません。
「これさえすれば、、、」なんて甘い謳い文句も言いません。
あなたと私たちの「気合」で、正しい努力を重ねて、必ず英語を習得しましょう。

詳細はこちらから！
公式ライン：https://lin.ee/ivju6ew
ウェブサイト：https://kiaienglish.my.canva.site/",英語聞き流し|鉄壁|単語帳|英単語|英単語帳|東大英語|大学受験|大学,vocab_teppeki,high,鉄壁の単語帳を使った英単語聞き流し動画
FQdWHDyEMnk,気合イングリッシュ　コンセプト動画,2024-09-09T20:34:12Z,670,6,0,79,https://i.ytimg.com/vi/FQdWHDyEMnk/hqdefault.jpg,"気合イングリッシュとは

一般的な英語学習とは異なり、
①皆さんの目標を明確にして、個別にカスタマイズされた学習計画を作成
②英会話レッスン、英文添削など質の高い英語学習を提供
③生徒である皆さんには、私たちが「毎日リマインド」「常にサポート」し、必ず続ける、サボれない伴走型英語学習を実現します。
高校・大学受験、留学、海外大学院進学、ビジネス活用とあなたの目標を共に実現させましょう

英語習得は簡単ではありません。
「これさえすれば、、、」なんて甘い謳い文句も言いません。
あなたと私たちの「気合」で、正しい努力を重ねて、必ず英語を習得しましょう。

詳細はこちらから！
公式ライン：https://lin.ee/ivju6ew
ウェブサイト：https://kiaienglish.my.canva.site/",,channel_intro,high,チャンネルのコンセプト紹介動画
Mfmnx-1fhec,【絶対英単語を覚える】英単語帳 鉄壁を聞いて、発音、効率エクササイズ,2024-09-09T15:46:48Z,32493,716,23,2007,https://i.ytimg.com/vi/Mfmnx-1fhec/hqdefault.jpg,"No1-No2176の再生リスト
https://www.youtube.com/playlist?list=PL0wZoBmJsWQa_3Ci1GGxBygucjJ0CK0MV

0:38 エクササイズスタート

こちらの動画を活用して
「英単語帳　鉄壁」を完璧に覚え、英語を上達させよう！

学習方法
①英語の発音を聞く
②その発音を真似して、発音する
③すぐに日本語の意味を答える

＊日→英の順番に流れる動画も用意します！

＊単語がランダムに流れる高難易度動画も用意します！

ぜひ、チャンネル登録、毎日英語学習進めていきましょう！

================================
気合イングリッシュとは、
↓↓↓↓↓↓↓↓↓↓↓↓↓↓

一般的な英語学習とは異なり、
①皆さんの目標を明確にして、個別にカスタマイズされた学習計画を作成
②英会話レッスン、英文添削など質の高い英語学習を提供
③生徒である皆さんには、私たちが「毎日リマインド」「常にサポート」し、必ず続ける、サボれない伴走型英語学習を実現します。
高校・大学受験、留学、海外大学院進学、ビジネス活用とあなたの目標を共に実現させましょう

英語習得は簡単ではありません。
「これさえすれば、、、」なんて甘い謳い文句も言いません。
あなたと私たちの「気合」で、正しい努力を重ねて、必ず英語を習得しましょう。

詳細はこちらから！
公式ライン：https://lin.ee/ivju6ew
ウェブサイト：https://kiaienglish.my.canva.site/",英語聞き流し|鉄壁|単語帳|英単語|英単語帳|東大英語|大学受験|大学,vocab_teppeki,high,鉄壁単語帳の聞き流し動画であるため
